
-------- HAMBURGUERS
INSERT INTO HAMBURGUERS (ID, NAME) VALUES (0, 'X-Bacon')
INSERT INTO HAMBURGUERS (ID, NAME) VALUES (1, 'X-Burguer')
INSERT INTO HAMBURGUERS (ID, NAME) VALUES (2, 'X-Egg')
INSERT INTO HAMBURGUERS (ID, NAME) VALUES (3, 'X-Egg Bacon')


-------- INGREDIENTS
INSERT INTO INGREDIENTS (ID, NAME, PRICE) VALUES (0, 'alface', 0.4)
INSERT INTO INGREDIENTS (ID, NAME, PRICE) VALUES (1, 'bacon', 2.0)
INSERT INTO INGREDIENTS (ID, NAME, PRICE) VALUES (2, 'hamburguer de carne', 3.0)
INSERT INTO INGREDIENTS (ID, NAME, PRICE) VALUES (3, 'ovo', 0.8)
INSERT INTO INGREDIENTS (ID, NAME, PRICE) VALUES (4, 'queijo', 1.5)


-------- INGREDIENT_QUANTITY
-- X-Bacon
INSERT INTO INGREDIENT_QUANTITY (HAMBURGUER_ID, INGREDIENT_ID, QUANTITY) VALUES (0, 1, 4);
INSERT INTO INGREDIENT_QUANTITY (HAMBURGUER_ID, INGREDIENT_ID, QUANTITY) VALUES (0, 2, 1);
INSERT INTO INGREDIENT_QUANTITY (HAMBURGUER_ID, INGREDIENT_ID, QUANTITY) VALUES (0, 4, 1);

-- X-Burguer
INSERT INTO INGREDIENT_QUANTITY (HAMBURGUER_ID, INGREDIENT_ID, QUANTITY) VALUES (1, 2, 1);
INSERT INTO INGREDIENT_QUANTITY (HAMBURGUER_ID, INGREDIENT_ID, QUANTITY) VALUES (1, 4, 2);

-- X-Egg
INSERT INTO INGREDIENT_QUANTITY (HAMBURGUER_ID, INGREDIENT_ID, QUANTITY) VALUES (2, 2, 1);
INSERT INTO INGREDIENT_QUANTITY (HAMBURGUER_ID, INGREDIENT_ID, QUANTITY) VALUES (2, 3, 1);
INSERT INTO INGREDIENT_QUANTITY (HAMBURGUER_ID, INGREDIENT_ID, QUANTITY) VALUES (2, 4, 1);

-- X-Egg Bacon
INSERT INTO INGREDIENT_QUANTITY (HAMBURGUER_ID, INGREDIENT_ID, QUANTITY) VALUES (2, 2, 1);
INSERT INTO INGREDIENT_QUANTITY (HAMBURGUER_ID, INGREDIENT_ID, QUANTITY) VALUES (2, 3, 1);
INSERT INTO INGREDIENT_QUANTITY (HAMBURGUER_ID, INGREDIENT_ID, QUANTITY) VALUES (2, 4, 1);
INSERT INTO INGREDIENT_QUANTITY (HAMBURGUER_ID, INGREDIENT_ID, QUANTITY) VALUES (2, 1, 2);


-------- SALES
-- QUANTITATIVE_SALE
INSERT INTO QUANTITATIVE_SALE (NAME, INCLUDANT_INGREDIENT_ID, EXCLUDANT_INGREDIENT_ID, SALE_PERCENTAGE) VALUES ('Light', 0, 1, 10)

-- PROPORTIONAL_SALE
INSERT INTO PROPORTIONAL_SALE (NAME, INGREDIENT_ID, PROPORTION) VALUES ('Muita carne', 2, 3)
INSERT INTO PROPORTIONAL_SALE (NAME, INGREDIENT_ID, PROPORTION) VALUES ('Muito queijo', 4, 3)