-------- HAMBURGUERS
INSERT INTO HAMBURGUERS (ID, NAME) VALUES (0, 'X-Bacon')
INSERT INTO HAMBURGUERS (ID, NAME) VALUES (1, 'X-Burguer')
INSERT INTO HAMBURGUERS (ID, NAME) VALUES (2, 'X-Egg')
INSERT INTO HAMBURGUERS (ID, NAME) VALUES (3, 'X-Egg Bacon')

-------- INGREDIENTS
INSERT INTO INGREDIENTS (ID, NAME, PRICE) VALUES (0, 'alface', 0.4)
INSERT INTO INGREDIENTS (ID, NAME, PRICE) VALUES (1, 'bacon', 2.0)
INSERT INTO INGREDIENTS (ID, NAME, PRICE) VALUES (2, 'hamburguer de carne', 3.0)
INSERT INTO INGREDIENTS (ID, NAME, PRICE) VALUES (3, 'ovo', 0.8)
INSERT INTO INGREDIENTS (ID, NAME, PRICE) VALUES (4, 'queijo', 1.5)

-------- HAMBURGUER_INGREDIENTS
-- X-Bacon
INSERT INTO HAMBURGUER_INGREDIENTS (HAMBURGUER_ID, INGREDIENT_ID) VALUES (0, 1)
INSERT INTO HAMBURGUER_INGREDIENTS (HAMBURGUER_ID, INGREDIENT_ID) VALUES (0, 2)
INSERT INTO HAMBURGUER_INGREDIENTS (HAMBURGUER_ID, INGREDIENT_ID) VALUES (0, 4)

-- X-Burguer
INSERT INTO HAMBURGUER_INGREDIENTS (HAMBURGUER_ID, INGREDIENT_ID) VALUES (1, 2)
INSERT INTO HAMBURGUER_INGREDIENTS (HAMBURGUER_ID, INGREDIENT_ID) VALUES (1, 4)

-- X-Egg
INSERT INTO HAMBURGUER_INGREDIENTS (HAMBURGUER_ID, INGREDIENT_ID) VALUES (2, 2)
INSERT INTO HAMBURGUER_INGREDIENTS (HAMBURGUER_ID, INGREDIENT_ID) VALUES (2, 3)
INSERT INTO HAMBURGUER_INGREDIENTS (HAMBURGUER_ID, INGREDIENT_ID) VALUES (2, 4)

-- X-Egg
INSERT INTO HAMBURGUER_INGREDIENTS (HAMBURGUER_ID, INGREDIENT_ID) VALUES (3, 1)
INSERT INTO HAMBURGUER_INGREDIENTS (HAMBURGUER_ID, INGREDIENT_ID) VALUES (3, 2)
INSERT INTO HAMBURGUER_INGREDIENTS (HAMBURGUER_ID, INGREDIENT_ID) VALUES (3, 3)
INSERT INTO HAMBURGUER_INGREDIENTS (HAMBURGUER_ID, INGREDIENT_ID) VALUES (3, 4)

-------- SALES
-- QUANTITATIVE_SALE
INSERT INTO QUANTITATIVE_SALE (NAME, INCLUDANT_INGREDIENT_ID, EXCLUDANT_INGREDIENT_ID, SALE_PERCENTAGE) VALUES ('Light', 0, 1, 10)

-- PROPORTIONAL_SALE
INSERT INTO PROPORTIONAL_SALE (NAME, INGREDIENT_ID, PROPORTION) VALUES ('Muita carne', 2, 3)
INSERT INTO PROPORTIONAL_SALE (NAME, INGREDIENT_ID, PROPORTION) VALUES ('Muito queijo', 4, 3)